{"cameraMode":{"drawMode":0,"name":"Shaded","section":"Shading Mode"},"sceneLighting":false,"audioPlay":false,"sceneViewState":{"showFog":true,"showMaterialUpdate":false,"showSkybox":true,"showFlares":true,"showImageEffects":true,"showParticleSystems":true},"in2DMode":false,"pivot":{"x":-4.561063766479492,"y":2.2287516593933107,"z":5.560983657836914},"rotation":{"x":-0.01769566908478737,"y":0.18195919692516328,"z":0.003294982947409153,"w":0.9831862449645996},"size":3.4974379539489748,"orthographic":false}