{"cameraMode":{"drawMode":0,"name":"Shaded","section":"Shading Mode"},"sceneLighting":false,"audioPlay":false,"sceneViewState":{"showFog":true,"showMaterialUpdate":false,"showSkybox":true,"showFlares":true,"showImageEffects":true,"showParticleSystems":true},"in2DMode":false,"pivot":{"x":7.377328872680664,"y":1.9142980575561524,"z":-0.8528944849967957},"rotation":{"x":0.03489890322089195,"y":0.9503883123397827,"z":-0.1154480054974556,"w":0.28682294487953188},"size":3.825052261352539,"orthographic":false}