{"cameraMode":{"drawMode":0,"name":"Shaded","section":"Shading Mode"},"sceneLighting":false,"audioPlay":false,"sceneViewState":{"showFog":true,"showMaterialUpdate":false,"showSkybox":true,"showFlares":true,"showImageEffects":true,"showParticleSystems":true},"in2DMode":false,"pivot":{"x":-2.8344058990478517,"y":-3.573991298675537,"z":16.120302200317384},"rotation":{"x":0.12116522341966629,"y":0.024417387321591378,"z":-0.002982157515361905,"w":0.9923327565193176},"size":10.971853256225586,"orthographic":false}